stage_pos,mode_q,pol,pole_real_n,pole_real_s,pole_imag_n,pole_imag_s,residue_real_n,residue_real_s,residue_imag_n,residue_imag_s
-3.75,20,x,-9407.772398141424,966.509855312627,424699437192.3026,900.5288490010216,0.595220013926293,0.0775834534388658,-0.7310634465819987,0.08287619049943439
-3.75,20,y,-6351.919320835651,279.0236297415328,424703407416.0492,269.28125213937614,0.8335915558222089,0.04513531452446509,-1.0690768630665903,0.049046287832133065
-3.75,21,x,NaN,NaN,NaN,NaN,NaN,NaN,NaN,NaN
-3.75,21,y,-3783.974414284266,117.19173754429671,445403643261.1159,124.09055992533497,0.19493703906885476,0.005154937645757268,0.06922407070024161,0.005728157146286061
-3.75,22,x,-2346.224802032148,17.79197541820981,466100029583.6885,17.791993142678265,-0.34736139136296745,0.002058526294741436,0.031020412147686076,0.002058530416710713
-3.75,22,y,-2549.0426929795462,63.368205242657446,466103639919.1762,63.368204886591656,-0.0880095591780845,0.002077438818074821,-0.06382253511989099,0.002077438071888595
-3.75,23,x,-2121.8873150894215,43.0628148350884,486799975746.36975,43.88469770315596,-0.08516749536055675,0.003210679242158206,0.17119804553069,0.0029614504237237137
-3.75,23,y,-2005.1964384447342,68.52191198501824,486803430836.2376,68.52178414476538,0.04401473989866497,0.003306094413335777,0.11807392964732064,0.0033060987566039183
-3.75,24,x,-1868.1881935940041,55.73081660086617,507499728488.83344,57.506126831121776,-0.02474217263881625,0.001860523802866256,-0.07378868803582364,0.0018103241585171442
-3.75,24,y,-14428.912171607026,9907.515016936475,507502938691.83655,9907.51356584658,-0.801503078283377,0.25788093628878783,0.7603097262308395,0.2578809982897022
-3.75,25,x,-2324.0150677229485,77.4646183960437,528199310275.2246,77.4646929256525,-0.06663686115451542,0.0019485863263572019,-0.034768412025120495,0.00194859288889973
-3.75,25,y,NaN,NaN,NaN,NaN,NaN,NaN,NaN,NaN
-3.75,26,x,-282475.85809083906,313147.3580690047,548898536927.596,134876.22333737157,-10.273713113606563,242.9497347687144,-72.4860956021648,141.5942442906807
-3.75,26,y,-11336.827370150666,830.425387554526,548901802745.30676,830.4260174449923,-0.2138605435048422,0.017855951287561157,0.0648212587237505,0.017855979500131576
-3.75,27,x,NaN,NaN,NaN,NaN,NaN,NaN,NaN,NaN
-3.75,27,y,-11881.642304892468,904.0401770295217,569601014680.9634,904.0401687098777,0.3370478457561428,0.02539941280267479,-0.1149986643255654,0.025399411917671633
-3.75,28,x,-4487.805692980366,464.70246862938717,590297221600.2759,464.70215371840027,0.02321033771168987,0.0029811017537773746,-0.024722501351338192,0.0029810978728240876
-3.75,28,y,-2009.1274776907762,37665.09439932155,590300182499.4619,46319.76189686686,1.5841053556237232,1.5625161502919405,2.6520768390995806,6.7545302293176865
-3.75,29,x,-189668.02198739172,105744.55900114142,610995904391.8657,105744.48871885503,-34.4655983768472,69.34170210110223,-137.38608466955012,69.34164921920426
-3.75,29,y,-5506.705435688353,688.9850426646582,610999043828.4596,798.312261725491,9.245858392563927e-05,0.0038250304293521624,-0.023044827659551997,0.0029218949933642125
-3.75,30,x,-9.311499488997212,15294.48621324909,631695229409.963,15294.590812470517,-0.0019986341347030786,0.043268326326910654,-0.016352246934991176,0.043268767032464274
-3.75,30,y,-21827.57318103954,29933.506386921443,631697945901.4489,53397.766432320655,0.003763670535546984,0.15987900844035985,0.027489896853795204,0.09538072218543257
-3.75,31,x,-12571.413522790614,1342.7700252209734,652394182732.6765,1342.7694181217753,-0.010035736137072206,0.009327047926699,0.061236238194965924,0.009327172263376749
-3.75,31,y,-1585.2427759965149,1308.9009566026805,652396712474.9055,1308.904998732312,-0.007625758826594409,0.025017358865988146,-0.11061519683145561,0.025017484207794795
-3.75,32,x,-3801.175441997093,1569.3608226838244,673092970040.1478,1409.1370708116494,0.0018067246013572322,0.014987190482494023,0.0413288919765365,0.017660990682418064
-3.75,32,y,-2519.959889731658,23185.28022377598,673095404558.5311,39327.07894931126,-3.676546384464981,6.1277398921818795,3.913415933915442,16.255010092240166
-3.75,33,x,-318.9766254603932,18517.121191125265,693791766576.8505,18517.11935335084,0.0160024672623183,0.19085306592458331,0.35191578997583434,0.190853038093164
-3.75,33,y,-49009.15579638853,19492.308409988225,693794227988.8475,19492.30910542273,-0.5731406239663989,0.2829592193286359,-0.194822698693643,0.2829591675694275
-3.75,34,x,-43351.119581044026,4818.304457653667,714490372446.0095,4818.304151538563,0.5073684392222108,0.09282538517717484,-0.06936051732983475,0.09282537746559848
-3.75,34,y,-14065.093126699,1112.1624097600954,714492702795.7361,1112.1624001228624,-0.11384023527263376,0.016224639936353497,-0.13936182595603047,0.016224640480109614
-3.0,20,x,-10577.506166512783,1255.1018188106978,424699443917.79297,1241.2621497417442,-0.16853085940518203,0.07305837061331831,-0.7194876142268798,0.07985281167709594
-3.0,20,y,-8165.217597474166,664.4689408946002,424703412079.7694,714.3689492435303,0.0778260093554172,0.055965795258981245,-0.6799807899726348,0.050460916917060755
-3.0,21,x,-3629.737851147691,40.856139972028586,445399866401.0013,40.856139882149094,0.059465010699122155,0.004634407392961506,0.5427983249316761,0.004634407397043566
-3.0,21,y,-3917.874962751691,220.4623847106752,445403647031.0963,220.46277536055658,-0.10790306451858646,0.005296725739209445,0.045506291974501734,0.005296769019612341
-3.0,22,x,-2622.461072882122,24.53815704583155,466100034302.29144,24.538157691655815,-0.2038000823827231,0.002248875909713033,-0.22735498976895951,0.002248886067172421
-3.0,22,y,-2275.0182886384873,103.1342276145134,466103645389.34686,106.86287258331907,-0.11552638327223207,0.004023090355813838,0.013980958303500554,0.0043100381783974465
-3.0,23,x,-2183.3435949585046,36.754753096095556,486799980774.99646,36.75474891226004,0.14002785396445508,0.0030537555687063797,0.18822155508362065,0.003053758554580074
-3.0,23,y,-1970.2319514773337,39.94565967865803,486803435880.67847,39.94563409994009,0.13044434929463822,0.002203170451458052,-0.05550104911328566,0.0022031699422516314
-3.0,24,x,-2790.3822555546644,147.3906104992745,507499733580.7229,147.39061075726656,0.06136876294401645,0.0024721736326670032,-0.010310075728474841,0.0024721736328776655
-3.0,24,y,-1779.315545689862,171.7739230516229,507503047122.86414,171.773923548536,0.018699510951385123,0.0014180192657217876,0.007017585743010565,0.0014180192663017653
-3.0,25,x,-2261.825500609742,84.76409858101567,528199314953.9512,84.76405066487803,0.022122074097811407,0.001657126241381055,-0.052522914798061655,0.001657128767729663
-3.0,25,y,-246707.6521687923,2585445.718121974,528203276012.6795,2585466.1484490084,561.1435255987913,5592.305504528149,-245.86391136513785,5592.25665549512
-3.0,26,x,-9255.00251886186,928.6204978922832,548898732448.3914,928.6204950908322,0.1140445469707456,0.010353670033373397,-0.04672766497782861,0.010353670260612957
-3.0,26,y,-1443.204709785352,7823.629391551317,548901701647.13806,7823.6298218374395,-0.9434142997586017,0.21502617811924166,0.06416918791631576,0.21502615601013456
-3.0,27,x,-118526.17496016897,451422.347604586,569598271829.0621,416701.10470200307,169.52332261450385,643.3005980262087,-107.07101792859848,1780.7718187344744
-3.0,27,y,-7292.231960803616,1076.4607996748164,569600937869.4299,1076.4608108657987,-0.061968845779626136,0.02359256617515834,-0.11846031179514044,0.023592562860202015
-3.0,28,x,-7606.307797493157,23991.517237083586,590297114264.1287,62759.99510424989,0.9510044138263971,3.0180860373694687,-0.02590824550042263,1.1604434551333207
-3.0,28,y,-14556.229804842385,2025.00991358098,590300073337.4666,2025.0099357042823,-0.066917197897723,0.009422564208528746,-0.01757731048215981,0.009422564647296528
-3.0,29,x,-707.6876193382876,4322.393282882831,610996429275.5042,4322.379772145619,0.02846115298815567,0.046978708782931665,-0.14012093397318376,0.046979637963159765
-3.0,29,y,-23953.291355122386,260386.6760957905,610999407767.4221,95687.06368686311,13.624840759458717,129.14379657310923,-44.85169427150619,75.78437919047227
-3.0,30,x,-48712.45416615003,182527.98939620817,631695523512.8273,332679.4306605801,36.52858517247607,152.06127168663977,40.09299107487369,296.8885493348258
-3.0,30,y,-31905.992162488703,12926.757318498238,631697997983.2615,11722.829615232737,2.307276082419398,2.6489076701969316,-2.993201681859932,2.6260048334754025
-3.0,31,x,-29154.028317497032,21086.457647196872,652394083459.8864,21086.467668968835,-1.1453733601633378,1.3440341292906253,-0.8892250925050514,1.3440087673238827
-3.0,31,y,-12088.371458942464,1116.5751611673597,652396719995.1831,1116.5751158441392,0.10474209121091659,0.012649550557286417,0.02514332793400093,0.012649548872569806
-3.0,32,x,-1143.0691711144354,436.12553751680963,673092983989.0665,435.0704156236119,0.01154813450368678,0.00395796544042527,-0.00462865024103845,0.004265600485795469
-3.0,32,y,-85155.84837795777,27061.20919861938,673095497608.8513,27061.2061176548,13.14117350345371,14.403379937802212,-9.640518378701199,14.403377925321255
-3.0,33,x,-2473.9277486538235,13090.744283451339,693791734739.9673,9580.186613597067,-0.0018044873790001275,0.2626840694615728,0.11720637433908229,0.22864522269261042
-3.0,33,y,-1647.200332823127,724.1606320813678,693794187830.4052,724.161140660055,-0.02868176367532082,0.010830825590918062,0.002223751765587343,0.01083082149627333
-3.0,34,x,-15894.60540878206,992.0214896074567,714490394617.7347,992.0215097506401,-0.12754794558336513,0.015311049561053131,0.16619136579394553,0.015311049646251077
-3.0,34,y,-779.4853844616769,5968.554136419877,714492805952.2917,5968.554268765863,0.7447284062361763,0.25135478924433424,-0.760385382651012,0.25135481676145327
-2.25,20,x,-9583.505081978801,1368.84717739597,424699445289.2335,1292.68307117395,0.08351548964205706,0.06470552974109896,-0.5870321592548604,0.07138591827351248
-2.25,20,y,-5058.21883080143,610.3387434707522,424703411409.43463,610.975800935021,-0.02207485890968411,0.04252170541019985,-0.4586200512311548,0.042682122750125166
-2.25,21,x,-3769.4180852719473,64.38620952198835,445399867444.1737,64.38488655062028,0.33299187323124213,0.004886003445149648,0.12701011866013773,0.004885885749634031
-2.25,21,y,-3268.9171420386765,205.76028033190832,445403648273.3836,205.76027966492026,0.06842455984486805,0.00539792135993665,-0.09593211689692413,0.00539792144512282
-2.25,22,x,-2637.680276271701,14.068566063844294,466100035361.1235,14.068581581497947,0.6483355291167353,0.0026849050531662783,0.07665110345425043,0.0026849079742878516
-2.25,22,y,NaN,NaN,NaN,NaN,NaN,NaN,NaN,NaN
-2.25,23,x,-2325.7978033345116,47.831455607297734,486799982040.049,47.83140476419585,-0.04539353738285941,0.004251080125493611,-0.2670394989910104,0.004251089254005442
-2.25,23,y,-2360.987394098714,109.72281463224495,486803437249.2619,111.69356502003816,0.018618497915568164,0.003762464019079383,-0.10456847167445918,0.003627126754812622
-2.25,24,x,-2391.184429858405,42.09853786911505,507499734685.04297,42.098646661269086,-0.10746543604887623,0.0017542858324268845,-0.06912122908250372,0.0017542984063929133
-2.25,24,y,-2389.4398137136377,52.97994106252656,507503047691.41003,52.98010018273717,-0.10155864628435239,0.001857355811983719,-0.04104619029205116,0.0018573706405177691
-2.25,25,x,-1652.7392075221599,37.9083433546505,528199316883.5451,37.90834323601049,-0.04045213112068305,0.0015271949234990413,0.08202585524690598,0.0015271949295757236
-2.25,25,y,-2061.3492888228493,122.65924510239695,528202498522.6998,120.7580038241725,-0.028393438868558815,0.00213612011718987,0.040502235291314595,0.0021746592384483555
-2.25,26,x,-3929.6434590705253,279.1502787926669,548898748507.3228,277.663082590473,-0.05788349405955025,0.005233288498606132,0.08206973208394062,0.005493498280722686
-2.25,26,y,-5105.622792102722,261.1661509056795,548901808753.1235,261.1661021950877,-0.051511046558827316,0.0051290006583587415,0.10849376695189371,0.005128995938039133
-2.25,27,x,-1.00077887768747,18.172218517662955,569598026116.0593,18.172218553725916,0.001351813178774876,0.0005685971901837185,0.0014034977750076588,0.0005685971815284535
-2.25,27,y,-6.2559717892964475,3208.681143679549,569601062367.7781,3208.6812820460655,-0.06624728196403397,0.08010311943296586,-0.21254960926365013,0.0801031264627569
-2.25,28,x,-4160.8092443438845,257.98474129466405,590297223732.2288,254.03987547121017,0.07595034139111985,0.003690489276129016,0.007448110768331503,0.0035414122973856177
-2.25,28,y,-24.435969701637195,777.4267050576802,590299821980.1213,777.4301778137906,-0.0006065927713661491,0.0035459093394820565,0.0013433893454368477,0.0035459126720517272
-2.25,29,x,-21332.5753303384,50304.93791592529,610996702013.0037,50304.97344990263,8.534315885095875,28.515578901769363,70.041722827826,28.515612453564657
-2.25,29,y,-585.4218089356186,22801.45074433321,610999215459.8574,22801.536470531588,0.15089549607379799,0.3094895348258449,0.35855411797559017,0.30949802831458595
-2.25,30,x,-3120.9794159739286,139375.51730131297,631695480560.6172,291869.0012209216,-9.62856285253727,32.34502869962754,-30.005704771766236,209.65696660281654
-2.25,30,y,-55.03940944824677,27880.60647561625,631697834626.0192,27880.594802177915,-0.17457738814870952,0.7946153557259431,-0.675533126159705,0.7946165195785319
-2.25,31,x,-787.3052950973,16305.026361847576,652394071107.1669,16305.02488665071,-2.2452288742171493,1.7717643220609633,-1.8111289126304466,1.7717674352942012
-2.25,31,y,-139.43060324100412,6812.3634842269485,652396664519.0516,6812.395291070926,0.37991793429332216,0.47535615318522684,1.1184074607299404,0.47536012822882207
-2.25,32,x,-4714.822153750051,757.7849044660064,673092949315.6407,757.7849024102475,-0.14185957355496023,0.01941489261838038,0.05030076549464569,0.019414892743863883
-2.25,32,y,-8639.206618121974,15073.77161961103,673095302570.6942,15073.770710549798,16.741170148876655,6.348283032591947,-22.24690502230329,6.348284796294173
-2.25,33,x,-461.6858365243765,174.69661934720412,693791723822.432,174.69661750445454,-0.012073073990691595,0.003365519780534923,-0.0022770527128602018,0.003365519647322607
-2.25,33,y,-7490.5092480392705,1361.2366529441272,693794144670.7721,1258.096139663918,0.097303465107918,0.01839718516910763,0.009171083703414738,0.016725172754574635
-2.25,34,x,-1551.958216515632,8909.061153984288,714490316293.5908,12960.68248750606,-0.7204883337884475,0.3449598318878167,-0.8191016993134294,1.110306570998652
-2.25,34,y,-508.5809786537853,49708.53589728694,714492637716.5558,66060.1653068971,-1.2435103216607228,1.4203590122132348,-1.578082106574447,7.176023054204448
-1.5,20,x,-10600.459971900855,1114.8702705096962,424699444707.1493,1157.9712873821902,-0.6764531872583903,0.06535267023039804,0.3343490663552997,0.07653720991279198
-1.5,20,y,-33753.50007471147,11366.614830301194,424703407413.2368,14753.973382428656,-0.34913824472952276,0.3532492164008142,-0.5203718879296416,0.29354206006365424
-1.5,21,x,-5399.724959309769,106.80054535224387,445399869260.71234,106.80036529811548,0.4228706837872706,0.007151682441554788,0.05633443762924701,0.007151650626013768
-1.5,21,y,-7915.742878452605,233.70855325899092,445403651161.8148,216.1103509743919,0.2823768435392536,0.01590619461434271,0.47447582312630643,0.014608409852951273
-1.5,22,x,-4002.645003172767,32.533829284672585,466100037244.2392,31.960725582833813,-1.437229518971216,0.010399451746367937,0.9551712616744971,0.010594241065320585
-1.5,22,y,-3405.5714491462977,22.458420071176317,466103647801.6771,22.458419596737333,-0.6786841845278347,0.005170229533281822,0.7230661912205237,0.005170217925997281
-1.5,23,x,-4248.052975826071,47.85821304043709,486799984193.9976,47.85823058406638,1.3836754544336047,0.015566908029581971,0.9891722125029975,0.015566913232275173
-1.5,23,y,-6808.87881374747,124.23265069561397,486803438973.0264,124.23269200952811,0.7047803388092291,0.018416775130695118,0.8280189842913033,0.018416822880762847
-1.5,24,x,-2864.5926713020713,27.976342222348947,507499736813.6343,27.976342198707574,-0.6478694845070004,0.008120704229988772,-0.8211901249051013,0.008120704668102687
-1.5,24,y,-5531.427621168782,99.64137889669381,507503048641.1498,99.64157274004779,-0.6579575039335748,0.01492847414625869,-0.7252119819061795,0.014928450092031026
-1.5,25,x,-4193.7555474654455,57.68538845457955,528199318868.00995,57.68539915500499,-0.7063280908533652,0.00835084861757224,0.24786406621264964,0.00835085279866188
-1.5,25,y,-8689.22368116138,210.46953257488744,528202500830.476,210.46961293191427,-0.7012585863044147,0.015877226795549797,0.03569976791727038,0.015877240244902748
-1.5,26,x,-11585.143236543656,342.38748903085786,548898746532.17786,342.38748259466377,-1.3460862421602007,0.04944536254841125,0.7062455774752475,0.049445365099032856
-1.5,26,y,-4717.825943024321,148.1536553663481,548901810952.96826,152.78925036156247,-0.3799314407012273,0.018336028316104248,0.6356279968643789,0.01845416578198733
-1.5,27,x,-4013.1409950624607,133.92087188861413,569598048518.2764,133.92086710468482,0.20360394714031815,0.012930853994696906,-0.47095449418216084,0.012930854594182813
-1.5,27,y,-7004.10042013651,254.71667648042518,569600996895.2083,254.71667420209639,0.1078369561194138,0.012967361060423569,-0.41798692662851034,0.012967361373244361
-1.5,28,x,-24167.79151214927,821.3556402741843,590297237134.1644,821.3556358030407,1.8710979414210738,0.09641050711879913,-1.5749491821114707,0.09641051116673534
-1.5,28,y,NaN,NaN,NaN,NaN,NaN,NaN,NaN,NaN
-1.5,29,x,-10292.499576792521,416.2281413702125,610996295942.8635,416.2274487074498,0.045215142567154275,0.014008800854912162,-0.3258901272296574,0.014008782459550959
-1.5,29,y,-13666.240709343961,967.1177952385931,610999088525.5906,967.1178005330038,-0.262275766968564,0.01994376089309894,-0.018859188860490924,0.01994375985649678
-1.5,30,x,-243536.4357143709,2120063.519407691,631694849438.3049,5640455.169061476,935.8527199474477,51322.16016013207,-844.1389135371395,24378.538885788217
-1.5,30,y,-480.22566791730395,1557.2327519409812,631697981756.7699,1044.4446923296703,-0.2732016675171293,0.0617274487637473,-0.018257136214201105,0.1108215750047507
-1.5,31,x,-58419.507750748344,4382.141272003787,652394123785.2094,11136.082719855625,-4.258230227909869,0.984297204177857,-1.900850465152801,2.6501188320725437
-1.5,31,y,-1947.1365279010922,107201.59151099752,652396917946.6119,341749.07520307373,-44.92451828972469,345.51665097691426,-0.32686559709006235,109.55886400687191
-1.5,32,x,-195.96249504773675,88194.34393120285,673093088539.6185,36812.98502638882,-11.41074659197471,50.12664153088085,-8.178726587384539,38.722835914245614
-1.5,32,y,-7665.765580034717,1058.7799936876963,673095451301.7235,1174.1595703704045,0.36204173368631026,0.05866190311273291,0.09428895639225654,0.06398922447805035
-1.5,33,x,-41438.72792510033,3840.4974722683137,693791755122.0294,3840.497974347705,0.40268054031736356,0.317298976983493,-1.6194508528674667,0.31729924804543613
-1.5,33,y,-154.5239161578688,42.73883901365952,693794159014.42,42.73883880392644,0.00015692556600944185,0.0008438776270684257,-0.004279512624873007,0.000843877615792663
-1.5,34,x,-22.466503159657947,26.604361114092768,714490463523.77,26.604361214803408,0.00023917558245571165,0.00020700623484887424,-6.76903010263178e-05,0.00020700623583263728
-1.5,34,y,-273493.02784743335,279860.3534340226,714492964669.3928,279858.92487206205,34.572147657606976,240.2877909578361,-90.2234706160636,240.28904656710546
-0.75,20,x,-8484.201120573387,129.40850198138523,424699450300.4451,124.06507760163652,-0.18287720367786867,0.05844506908427053,-4.869269671192304,0.06393190498287911
-0.75,20,y,-6564.394402533113,118.93899281371581,424703417366.88837,118.93888325118273,0.9344113627816009,0.045854303473488865,-3.075895632254807,0.04585440905373631
-0.75,21,x,-4070.103516957322,8.65486278969166,445399872330.2384,8.998793501355832,4.760767076793568,0.022650696798769097,10.763843485821385,0.020007337955997597
-0.75,21,y,-3847.493408036358,11.364147895363024,445403652812.87195,12.035535337351531,1.7495261204465027,0.015107089729669506,5.383912801326807,0.013514087547772906
-0.75,22,x,-13391.977392320494,311.79221106743944,466100037785.3394,392.839755915145,-12.388693454490701,0.33670766677805464,2.168827589306941,0.5228614180333319
-0.75,22,y,-3015.005428778323,14.233645291691936,466103650954.2313,14.233643650980618,-4.635553220975778,0.01813259226916154,1.6499605981161378,0.01813258921081253
-0.75,23,x,-3252.792230916442,27.262477507864514,486799987242.1936,27.26247744738703,4.85948424332092,0.041084556557000565,3.6384303994002374,0.04108455695608151
-0.75,23,y,-2800.7028836068657,26.434714171787565,486803441978.28986,26.43471403003054,3.6098343211392163,0.03247253501122347,2.4077883822787562,0.032472535337246464
-0.75,24,x,-2502.597251891809,24.110841120130527,507499739734.53076,24.110841900677983,-1.0963101372794337,0.013528784848639449,-1.4179624996548994,0.013528785513786092
-0.75,24,y,-4632.630620686045,61.5771087601327,507503052249.01447,61.57711257258075,-1.3095014181909288,0.019815044965187035,-1.1557477744422127,0.019815046079937886
-0.75,25,x,-5365.068564628624,111.14514404606084,528199321834.91754,103.2752214517095,-1.0661511856089074,0.02146413539472886,0.4593237180983262,0.021608707456367917
-0.75,25,y,-5014.011616593765,167.8393679904514,528202508558.13745,167.8393673216807,-0.27956858048458033,0.01741040085262459,0.5308112978545129,0.017410400741667307
-0.75,26,x,-3205.9319808888567,61.72679045315473,548898753429.9276,65.29620179931393,-0.6096449477033821,0.01880616234264639,0.9622806869017032,0.018834402638370554
-0.75,26,y,-7620.532649014334,320.37828104465393,548901808519.5957,320.37826801002336,-0.8477885419460295,0.03968363305702442,0.5015821927483548,0.03968363205076348
-0.75,27,x,-9640.265796552261,398.0130163932331,569598054083.26,398.01301651319267,0.0004492449535980641,0.028763572922425987,-0.6750735347847369,0.02876357303226591
-0.75,27,y,-2910.8006623849114,113.1841801278472,569600998890.521,119.20580620371946,0.13512965105285826,0.009566470391402723,-0.2555582207910785,0.009380698388044036
-0.75,28,x,-23646.943022060557,17076.090376513897,590297093183.6697,17076.087533028243,-4.189692965103969,13.823234118976641,34.198387339396625,13.823235737220271
-0.75,28,y,-41317.268245891806,6238.963165705264,590300069773.1222,3999.7678619040885,1.5696632305611935,0.5194720851380128,1.0025288467353577,0.6752794453942605
-0.75,29,x,-6975.670901437125,1100.0691000605311,610996290538.1123,1100.0684756235512,-0.011362419566161196,0.008314010399152747,-0.05518471777399413,0.008314014487873217
-0.75,29,y,-11176.481557904232,1370.441743706098,610999040368.095,1370.4406139989335,-0.043076312977379294,0.012710946918198188,-0.09376783379188554,0.012710966429064696
-0.75,30,x,-412.3326956248642,144.5151611764084,631695309235.4198,144.51515996805122,-0.0023620912877434417,0.0019734317021007724,0.007351210435484081,0.0019734317228900303
-0.75,30,y,-62.542790578985375,392335.724392675,631698126656.7965,392334.71589399164,13.166949628206863,82.76906501833889,-2.874129439284751,82.76937951310623
-0.75,31,x,-89.44066027970655,31.962120883258475,652394138470.359,31.962120832727653,-0.0017528406545733928,0.0005927531005963043,0.0016167465392328214,0.0005927530967172818
-0.75,31,y,-1626.8692315215867,296.5035630011913,652396722055.5004,296.503699152834,0.023574112497495418,0.0032595840262492066,-0.0012984773125433269,0.003259586973836588
-0.75,32,x,-9091.62576984194,1104.1912114204831,673092960110.1476,942.8904168049362,-0.3404038960669727,0.050101109343153497,-0.08695484391361993,0.03636807308635237
-0.75,32,y,-65.92730891853351,1343.7140198740026,673095391439.5084,1343.714008819879,-1.3912735598938932,0.15343175808351994,-0.25204550884877247,0.15343176460724622
-0.75,33,x,-81.89758484082819,25.9125798352433,693791666755.9497,25.91257957708977,-0.00015108660527982085,0.00021769334789395288,-0.000986670247660276,0.0002176933485232298
-0.75,33,y,-5796.981430347992,7045.317948157494,693794183089.9691,7045.25935881349,0.18381632668908277,0.1388478835245029,0.205623354945658,0.1388482767539307
-0.75,34,x,-254.8796364230386,1434.7404008620867,714490313180.4795,1434.7480128250327,0.04780825670357252,0.03354187953628546,0.14592257872877007,0.03354217951948494
-0.75,34,y,NaN,NaN,NaN,NaN,NaN,NaN,NaN,NaN
0.0,20,x,-6950.452235788052,37.46380669449329,424699453277.34174,38.04433803959518,-0.3193129644999492,0.05347937191920752,-11.820257244781311,0.05160082765986662
0.0,20,y,-6273.763850529159,38.68851861200135,424703420383.53015,36.96863050843963,-1.40239643025353,0.04465757248759431,-9.471476027572601,0.04815420791994028
0.0,21,x,-3716.4121596351424,6.5861976586411535,445399875509.0448,6.943090689049414,3.7434304949976194,0.028104670844111324,17.356239015059337,0.025075864940656608
0.0,21,y,-3540.463049785565,5.6405260120170615,445403655992.8957,5.825295199168838,4.2873634375176115,0.018485453286070395,12.563509630384708,0.016656070581884688
0.0,22,x,-2609.56663588556,8.501255795803548,466100043252.28076,8.501255753712087,-6.97550344710476,0.01943431358295412,3.367064016919191,0.019434314896562475
0.0,22,y,-2944.364712500477,13.989609191271443,466103653750.5905,13.989609359169544,-6.630988080120989,0.028340600105772426,3.459792103370536,0.028340600596141706
0.0,23,x,-1839.69780457497,10.406871993187783,486799989603.0097,10.133206088719993,4.52373129308728,0.02448174069961721,3.5321985975564463,0.02531508141256351
0.0,23,y,-1894.4469466504866,9.812644431559345,486803444751.644,9.812644856396433,4.289033452674453,0.01850075507540103,1.8553718090326494,0.018500756204867
0.0,24,x,-2237.271444328136,19.018217209884327,507499742551.24414,19.01821595930214,-1.1269404325733416,0.008278292296825605,-0.556113490985388,0.008278292257575044
0.0,24,y,-1778.614480562279,37.039983553546904,507503055129.63684,37.03998360892893,-0.7033697768140724,0.01127244594339259,-0.21685722725563847,0.011272446017331685
0.0,25,x,-1778.4317045273108,22.204114313775847,528199324922.5788,22.3113920311474,-0.25703162366232796,0.0035741781100099854,0.2600950734149665,0.003384435881400511
0.0,25,y,-1516.4443759203923,29.029609302742784,528202506750.9945,29.029608537696138,-0.14046973836322987,0.0034832350434328588,0.19683131516507893,0.0034832360169825207
0.0,26,x,-1338.5399401100437,67.56794377648362,548898757068.181,67.56794378502279,0.41182587368064444,0.01657625926333578,-0.183599208222507,0.01657625931764331
0.0,26,y,-1735.3495179430658,47.275555674173276,548901816863.5375,47.27555418985313,0.3800215805805051,0.008139685826891653,0.10223367455296146,0.008139685477294215
0.0,27,x,-2757.679601348339,83.84687118384267,569598054080.9293,83.8468713760087,-0.25967111031406453,0.00709654121514601,0.13977723563002403,0.007096540631033597
0.0,27,y,-1453.7001800790285,181.73859388800943,569601001121.9636,181.73859386341954,-0.08100220480253935,0.007434396561439413,-0.008488609349969815,0.007434396567060191
0.0,28,x,-168830.97681166534,22644.46468209835,590297250011.3518,22644.45815362521,18.39091505246874,5.547757185227964,11.22163773570059,5.547756451251112
0.0,28,y,-19319.00923970809,7768.970950503449,590300004126.0458,8217.998870456706,4.168679997262857,1.5767065729503766,-0.31196010587627326,2.9337151086495967
0.0,29,x,-2196.9520596869484,168.0959409232503,610996304156.3842,168.0959719514341,0.045325599453468604,0.002911905363002069,-0.019107082768446765,0.0029119061794279986
0.0,29,y,-4820.049889490931,210.2016168904313,610999051024.0796,210.20168922639806,0.13485252475510207,0.005253790783980448,0.038176447760542805,0.005253794845289268
0.0,30,x,-2309.4559781821645,207.9424274513869,631695276952.2711,207.94242780594362,-0.07984309688099712,0.005354186629484959,0.0032469700875282326,0.005354186645038966
0.0,30,y,-2693.266355810785,201.58894989962866,631697935395.7285,201.58895042652637,-0.054625820432124814,0.005844440168288233,0.0885339704082398,0.005844440189654883
0.0,31,x,-0.1420090055221245,28.777435108564944,652394117368.8944,28.77743521112242,-7.903524067436727e-05,0.00044087841894875667,-0.0003732208071786962,0.00044087843002412993
0.0,31,y,-0.9275752631767638,26.141122910261153,652396689051.5603,26.141122912580524,-0.00040875773143011444,0.0006334633432122166,-0.00034229487372454523,0.000633463343320486
0.0,32,x,-22645.03233247249,4075.2648776702235,673092907565.6606,4693.022907944029,-0.06974883346264302,0.18034770163397135,0.7024106447539452,0.1401835759026559
0.0,32,y,-347.20876417848615,2569.4202486660724,673095397695.5837,2569.419941006778,0.4710812924656277,0.24744471791204958,-0.4821566507858309,0.24744493228502717
0.0,33,x,-729.2702956481573,332.95191134003215,693791651876.5195,332.95157093199646,0.003970449041751521,0.0015458147098770638,-0.00010103236378658672,0.0015458126010104455
0.0,33,y,-0.9287294911188606,16.9204785533175,693794066396.7782,16.920478560020623,0.000444166358810592,0.00022324667040615352,0.00013376245683868743,0.00022324666616561705
0.0,34,x,-11818.881428006649,1066.4009292619176,714490331507.4866,1066.4009488850922,-0.2757793590832198,0.05085710692435926,0.4952633710263683,0.05085710458491154
0.0,34,y,-2625.6165941330664,21396.604963490834,714492624295.2521,12978.087195999016,3.617177805478567,1.526046023233924,2.573394309867577,5.008305120848943
0.5,20,x,-7219.241973052459,43.21677417819749,424699453591.6326,41.26926865315772,7.6456775110747275,0.060981355233356745,-10.910473737728953,0.06678077701367069
0.5,20,y,-6761.266640432717,37.657391804124195,424703421247.79016,37.65738957382502,5.104606605919359,0.04802891142546913,-9.924635144866079,0.04802893507314902
0.5,21,x,-3779.311499588485,4.643392830176147,445399876063.40497,4.643392694512926,-10.270164047688517,0.016573366456646955,14.697237265707228,0.016573365591154396
0.5,21,y,-5557.008747558591,31.21613462174489,445403657101.7777,30.5647852470508,-4.020176648118081,0.05895281184321323,13.577576467669784,0.06290760900882081
0.5,22,x,-4351.563888925238,40.16101735048166,466100044040.6238,41.921265482031394,-6.6334774536698164,0.05147465444596729,0.6660469939743089,0.05474525858244887
0.5,22,y,-2493.7835341114483,8.717180400544063,466103654971.5766,8.550301588958199,-6.20474174565041,0.016330519357140263,0.48830368230186266,0.015731707487014204
0.5,23,x,-2060.3681871235963,13.244278732487828,486799990902.7026,13.45892832210489,1.8441814877336284,0.013513187406860163,2.1325441893061274,0.013437658094198134
0.5,23,y,NaN,NaN,NaN,NaN,NaN,NaN,NaN,NaN
0.5,24,x,-2225.0898252702177,42.32601829026368,507499743940.2889,42.145346240540796,-0.6675527113881705,0.011701529959899972,0.4910601212349875,0.011381232449771014
0.5,24,y,-2457.6543700585717,56.471548982465954,507503056699.4157,55.65397856345272,-0.7005864812698436,0.014148269554399386,0.45220562090182964,0.013858059880232455
0.5,25,x,-5424.497384529548,184.27968293586923,528199327032.99054,173.250029430052,0.5147544690137863,0.017776719577231946,0.3250516048262785,0.019613536484904708
0.5,25,y,-1691.835655131748,52.1073196773628,528202507842.4511,52.107311562547864,0.23838657680125694,0.006504573491315352,0.15165975736698298,0.006504573877014779
0.5,26,x,-39.6698602092742,80.7077682944874,548898605174.1656,80.38312196382039,0.005190356195348439,0.003247943917066175,0.0038617654609252065,0.003249260823516559
0.5,26,y,-2130.450421076902,69.70103467909696,548901818642.2146,69.7010328646359,-0.18039416505398068,0.01304537060695654,-0.49392414855367156,0.01304536938885409
0.5,27,x,-2048.8022672385923,34.20786171747629,569598056363.3528,34.207861792296505,1.0011866689035065,0.013967866625953469,0.47008873695367576,0.01396786705764039
0.5,27,y,-1792.9710170951275,34.07782669319772,569601004328.1539,33.732278194451546,1.038533482481354,0.015379515758588262,0.3433346284539504,0.014958314384185248
0.5,28,x,-2235.881504857263,36.24315795034444,590297234569.0195,36.243161856629875,0.24443801183236324,0.01104930304547777,0.8965239290092053,0.011049301518676662
0.5,28,y,-1741.8813547379,25.937699676005476,590300078705.5325,25.9377038325059,0.26498156529581995,0.008779526527495278,0.7412980161974966,0.008779526467664993
0.5,29,x,-2070.9340386603817,113.89663647748519,610996305930.3374,112.76329291573096,0.43892982293572885,0.020508992194874155,-0.2523454187781531,0.020017105457736946
0.5,29,y,-2319.7123803616414,98.07590527875907,610999052588.715,98.07590512926788,0.3953422279084413,0.013076442397169184,-0.14066109468152832,0.013076442428713194
0.5,30,x,-1962.8278249261816,64.28823403305744,631695280354.733,64.84582032299895,-0.15420351894308051,0.013444860869986966,0.5330972838140193,0.013430331418677466
0.5,30,y,-2263.1131544618975,80.51270253747347,631697936378.0474,80.51270471293167,-0.25288945975051697,0.01466423717985715,0.5061625882000855,0.01466424145435526
0.5,31,x,-2588.749873736379,224.87541364769834,652394169521.5786,224.87542168469406,0.013787179455654957,0.009528898128765421,-0.14804673751571396,0.009528897356106188
0.5,31,y,-4330.442580852774,464.0370773799871,652396742034.9733,455.988201860856,0.0050763792408456505,0.020179083982064326,-0.2504742944170724,0.020938941885835508
0.5,32,x,-8348.964658572846,640.2051157129928,673092975263.0878,640.2050962727989,0.5581860420702136,0.046010344054479776,0.24765813345227186,0.046010343258126855
0.5,32,y,-3169.48912760769,401.68351067325796,673095472173.1825,401.68351039407673,0.06306906409885146,0.017019621829940164,-0.16541185149063525,0.017019621953590428
0.5,33,x,-5012.795897209118,775.9743278305906,693791659364.1836,775.9743552942776,0.6652368978281293,0.09469109526560168,-0.7429475136512995,0.09469109076380613
0.5,33,y,-14604.099499061964,3880.0833200970615,693794189335.2976,3880.0835745316585,0.8620891829564699,0.21602212173514435,0.4439289766418202,0.2160221087182575
0.5,34,x,-8648.92448608056,1631.1526585753113,714490281149.5886,1631.152773134508,-9.167339961422346,0.5839005375841602,-12.283864585741199,0.5839004844449748
0.5,34,y,-22606.075420299592,4361318.960806134,714493208260.3474,11890100.712985614,-514.735498841159,13171.599027561782,754.116317171315,97713.8616902715
1.0,20,x,-9129.727521842544,80.33819029422054,424699456601.30634,74.84192913804698,7.0488287186659395,0.08802949706107334,-10.142485836778919,0.09105433107190525
1.0,20,y,-8893.241291869459,66.50201570670353,424703423647.08264,66.50178814667733,5.60680885270951,0.06208239789888894,-8.468377238834227,0.06208295147220522
1.0,21,x,-5754.441647833293,31.869026681942604,445399878514.9527,33.54551341230486,-4.2810411503781785,0.045860187591238374,7.155244489091987,0.0386124955426612
1.0,21,y,-11786.18184371147,162.4813092328216,445403659630.3162,178.61064526587842,-0.15565627341605112,0.16744413650941853,9.572719431287966,0.14298157642364637
1.0,22,x,-5880.761435716073,72.7248333920386,466100045311.0936,72.72482596759792,0.5020197801505748,0.028344982324083445,2.6302620206853677,0.0283449886849984
1.0,22,y,-6767.177266954825,102.49808911482147,466103657386.4603,102.49807275044618,0.9422002544094866,0.03997756599067947,2.84730264220018,0.03997757210350994
1.0,23,x,-8568.260773325897,188.7248301300058,486799993488.2733,181.9972621207427,2.357967240812368,0.06439092218151726,-1.2728688020554828,0.05076238119754811
1.0,23,y,-10673.19613826512,234.966319633242,486803447874.38074,235.71849355911309,1.6594433778356452,0.059024912565835946,-2.295368476026948,0.05055624290024681
1.0,24,x,-12916.597906423702,382.62455983307524,507499743942.5049,361.63818426390014,1.3015747236243815,0.04677501910089151,0.09003917128412683,0.04069419802644131
1.0,24,y,-12106.622731233098,333.2737459334734,507503062904.6797,333.2740329816034,0.8159172816767049,0.027071518826530982,-0.49145102210670444,0.027071524411743545
1.0,25,x,-3075.96232298744,35.30997511466152,528199328300.9955,33.78155968737785,-1.021644208897087,0.022958908745397383,-2.419947375022303,0.025831741001911105
1.0,25,y,-6438.896968079613,140.23984847890677,528202510979.6767,159.00799020143018,-1.3066889719894876,0.04801204351025121,-1.592195400181518,0.04567875075999703
1.0,26,x,-14642.575213690849,533.299198981913,548898761395.2341,510.0763256873722,-10.583094272867243,0.53917045664555,0.1361823558664913,0.5061541921524249
1.0,26,y,-5139.33468930284,95.2337397286661,548901821318.6725,102.53468665892358,-5.815415084752818,0.09496700419483628,-0.22157047519296913,0.11033555798561487
1.0,27,x,-5533.398077453896,123.43583094399271,569598057838.3715,123.43583792784452,6.522115163114635,0.12904691546668867,0.5109883757544427,0.12904692860497646
1.0,27,y,-8680.50017132713,216.5909121116836,569601006896.6442,200.76616984019267,6.614196107274277,0.17706836954123523,-1.1391237429285326,0.14469111341672608
1.0,28,x,-10459.30847748466,425.576628772668,590297230272.7577,397.04828492392727,-0.8334253483196392,0.13458635419622628,3.252834024625688,0.1742394515587216
1.0,28,y,-4144.362603108906,82.53796535513939,590300081170.5076,76.30013263390828,1.645908933644943,0.04721720765059967,2.4618268428081125,0.05210454676914662
1.0,29,x,-12888.713499498812,448.8900076464108,610996298830.1819,448.88995787346875,2.0457287366607977,0.08274783514140634,0.19023402772503833,0.08274782064411132
1.0,29,y,-7240.051321088376,151.83113001317037,610999055208.4269,151.8311276623979,1.2892695719975387,0.03142599433457348,-0.9147724367867013,0.03142599230900643
1.0,30,x,-11511.282681643288,518.5501553779354,631695291697.399,518.5500561525786,0.2174306177504751,0.06477654811752699,1.673199161734183,0.06477658729976832
1.0,30,y,-15917.751508478139,698.0536487975801,631697935040.8544,698.0536422892914,-1.8058467116349002,0.12308626413598248,1.304754774431018,0.12308624361298967
1.0,31,x,-6202.332996596636,333.8344901184131,652394165092.1495,333.83450486310863,0.2836437945847043,0.014212648087438991,-0.06493014747627303,0.014212649392429184
1.0,31,y,-11169.870341216674,563.8869564724769,652396746067.8566,563.8868633440242,0.13595835110900314,0.05392619740340983,-1.0524333129257168,0.05392621266892426
1.0,32,x,-24356.958141413892,8459.024848448289,673092936445.91,7833.984444433619,-1.4915672885914746,1.7729378472573512,2.3754850398266942,2.0940505769579683
1.0,32,y,-679.827009786162,109.24345319387649,673095495136.1047,109.24345330028402,0.05254593405057669,0.012161344233261043,-0.08953259416376286,0.012161344182930375
1.0,33,x,-613.0704275217435,5571.955174427199,693791807749.9495,5571.954983186995,-0.6326819715967251,0.3133423769449732,0.1762503709655562,0.313342345216513
1.0,33,y,-1458.1931353472341,1382.2237636248176,693794098057.2106,1382.2295570471197,0.8209730460970927,0.1439287901982825,-0.1210948851668347,0.1439277992565333
1.0,34,x,-17190.968916723537,33698.06903784524,714490250039.0798,68255.5360731639,-112.26395049983161,131.9866896346208,-49.12736566381853,192.28484315670278
1.0,34,y,-496.67588048749457,7573.908330721527,714492678535.2026,7297.518166700722,-5.005820677794113,1.1566784649964144,-4.463323086880752,4.365108921584179
1.25,20,x,-7155.517856175256,66.12887424415514,424699455467.8195,66.12887593690047,5.6746119994110344,0.052096418064593475,-4.5269205261709065,0.05209642060204825
1.25,20,y,-7198.576100184134,69.29992802525629,424703423209.14856,69.29990050115411,4.254269495970035,0.04821759101565603,-4.64303952313777,0.0482176932983126
1.25,21,x,-4754.488111616005,24.304891393434048,445399878180.34235,24.304887046771157,1.8200541181856316,0.010367719644726029,1.6498589832854889,0.010367724646138474
1.25,21,y,-4284.648512940351,10.933721040830523,445403659142.2407,10.933721520384845,2.486724336733699,0.008808324486700594,3.43933185695119,0.008808324623380135
1.25,22,x,-3258.358022349175,17.524640655995885,466100046915.48083,17.524640302111116,4.056466340776606,0.01984730229161098,2.3546453027854777,0.019847308013723027
1.25,22,y,-3104.726981021554,11.708886856419053,466103657352.2597,11.708886177905988,3.1117108420860786,0.013294073964340503,3.2544592209628695,0.013294080443975025
1.25,23,x,-3540.3892436948004,46.43276992986573,486799993428.75977,46.04620311363675,-0.20086202360307326,0.009144806473234327,0.861348225089333,0.009731057608307095
1.25,23,y,-10572.66686638401,249.83251639121778,486803449258.33325,265.57439024369637,-1.9405307627228114,0.06476139603403651,-0.7837490248447194,0.05532660325761062
1.25,24,x,-4976.642665254575,83.41823574327734,507499747096.09247,83.01734287983896,2.774725332450819,0.08038893517291955,-4.017958631009047,0.06778584611183124
1.25,24,y,-5275.386970924678,97.42553754122775,507503059275.0206,88.01009741024544,2.8129799315319404,0.07478539322241788,-3.9154686173417423,0.08191667073238551
1.25,25,x,-2976.4469404234997,35.709728529745846,528199329839.10266,35.18377227028453,-4.145049748116635,0.05298921952913247,-3.943251821672867,0.05907517303702828
1.25,25,y,-2127.9879700117335,20.554010463890243,528202511167.4696,20.554017830411926,-3.254196688557499,0.03469533281441209,-3.329115963546705,0.03469532296671785
1.25,26,x,-2226.917256635962,25.0914186412323,548898761696.83905,24.35697549400927,-10.544568993385726,0.09533856043976534,-0.5701438876860968,0.09054227741519864
1.25,26,y,-2148.5435283852275,23.320060881713562,548901822196.43134,22.6483998552285,-8.730163823866361,0.07571978293348156,-0.41954982439659383,0.07189538902794372
1.25,27,x,-2289.4425310660467,27.597344667918932,569598059956.1586,27.597344808757917,8.80257421482198,0.08254261965975439,-0.4783701584547104,0.08254262068863275
1.25,27,y,-4243.689164991596,72.52984756512696,569601008428.1244,72.52984831347057,8.14162177463727,0.1175185067308766,-0.8104113341908264,0.11751850871281562
1.25,28,x,-2338.507315152295,30.955126219043564,590297238742.2689,32.351484548568294,1.3129464037717533,0.040201743030499074,3.388242168131884,0.03829099704167876
1.25,28,y,-2240.9696618763833,30.2954138564572,590300082538.5099,31.160577474917257,1.3441664931597053,0.03233477707283607,2.6200656485550793,0.030266358795134785
1.25,29,x,NaN,NaN,NaN,NaN,NaN,NaN,NaN,NaN
1.25,29,y,-3573.03110932338,68.99815402936412,610999057514.2955,68.9981545185146,0.9323778543270194,0.019698024493262876,-0.8281974872479382,0.019698030240673233
1.25,30,x,-7296.942705497103,275.1995975696425,631695295537.5271,275.1995954428024,0.6742285322246365,0.04107803483836928,1.0103386098141829,0.04107803481781926
1.25,30,y,-3243.6199383348567,67.06453480681382,631697941608.6965,67.06453446619636,-0.21995340436896185,0.02023775437799041,1.1906697436259053,0.02023775452308535
1.25,31,x,-3021.752956712308,106.03440668515859,652394173912.9819,106.03440568810512,0.10384798691088998,0.009429866256643049,-0.3193687029927608,0.00942986655287279
1.25,31,y,-4532.763891415728,188.56199734568565,652396745161.5566,188.56196747346812,0.06836382449675546,0.01281769699387194,-0.35605588659122206,0.012817698805294398
1.25,32,x,-12753.704848978163,1920.8655388831462,673093031955.6259,1920.865846915269,1.803337341522858,0.477138130206962,1.5330913593312787,0.477138027930787
1.25,32,y,-125.3386723123091,5660.694203688659,673095407799.6615,5660.694681878714,1.272243522688615,1.5283983979847535,-3.049044643506995,1.5283986882739315
1.25,33,x,-3403.6835956821483,563.372939053848,693791718461.8795,563.3729379634092,0.027594841563994766,0.008324079710224558,0.05990034236193815,0.0083240797881526
1.25,33,y,-20522.524664745026,1207.859375005562,693794133653.8286,1207.8593425819524,0.09997184953051416,0.03697992342092588,-0.5697666159802806,0.036979924945311514
1.25,34,x,-640.3483870138957,186.3896274395886,714490339048.1031,191.98522513044057,-0.004903352777150592,0.00402065664893783,0.014533784342836042,0.0034060780117520684
1.25,34,y,-28833.656849203955,12329.937016734666,714492645638.0933,27883.30753387705,5.055806105598099,7.816133234273205,-3.397720059151256,4.515815070915388
1.5,20,x,-9806.079809548777,231.07821319312896,424699458239.1708,231.07868753892612,3.1305357731007977,0.061556281325550806,-0.332023231337414,0.06155650894539645
1.5,20,y,-7077.121484517587,164.94537716948585,424703425833.38605,163.5628763660486,2.016840166008834,0.05252731270242748,-1.687844939036761,0.047116486618345395
1.5,21,x,-4355.724492305686,8.349232494803095,445399880502.00726,8.349234054242755,5.83560278830736,0.009136825167301464,-0.3828688804388675,0.009136829743978234
1.5,21,y,-4366.895070801891,9.365662802191764,445403661423.90857,9.365663817811132,5.82017861930561,0.01061170976459446,1.712526934222904,0.010611712199861584
1.5,22,x,-3256.2154431620957,11.757852010809698,466100049022.2127,11.75785287852954,2.7174779254244186,0.008548646699926322,1.2924086840592954,0.008548647232225832
1.5,22,y,-3231.91171089245,15.668395526665165,466103659651.74695,15.668388259816886,0.7212613924386496,0.004277982855268619,0.8603571913862523,0.004277984349416347
1.5,23,x,-3182.105855503871,25.06714261217235,486799996048.33484,23.836435446433352,-6.179693808094094,0.05087024743149528,5.339334023639911,0.05379936346161725
1.5,23,y,-2555.691552657388,16.637651550176237,486803451155.8428,15.981074696440997,-6.630404351512539,0.04043452829631568,4.329184782157381,0.0412995064521995
1.5,24,x,-2050.3579308397375,12.725370492442153,507499749162.5242,12.57029925779523,7.219541486029583,0.04758247217796157,-7.219964998015974,0.05131343822242412
1.5,24,y,-2250.694766449695,16.567818574605166,507503061984.81995,16.311708457887004,7.174839134418513,0.05727450102969473,-7.401038465392897,0.0621784036375309
1.5,25,x,-1959.3633760172493,15.342119678070715,528199332299.01306,14.789354286987136,-5.015677941079085,0.05699164455703778,-8.3481639690361,0.060094173306345214
1.5,25,y,-2061.4075567283794,21.358918001100992,528202513548.21735,21.942665533869416,-4.306000949911251,0.07241366201904524,-7.270075414026146,0.06700928841891558
1.5,26,x,-1845.0879866245882,16.515964731709023,548898764263.6819,16.515964732240608,-13.943062377522779,0.09792881877607142,-3.372791500604794,0.09792881867162825
1.5,26,y,-1843.002879405148,18.25946433359088,548901824640.90533,18.259464297479525,-11.665768506859946,0.09136792416014043,-3.1861242039340953,0.09136792503721283
1.5,27,x,-2201.08505666831,24.218422886999132,569598062631.2157,24.2184227659159,11.729451475035276,0.10087759780445026,1.6708097825923685,0.10087759875912411
1.5,27,y,-2099.270040116927,23.456358754950003,569601010618.0312,23.456359017257995,9.430208168851827,0.08261212140301055,1.7636747298857538,0.0826121225937103
1.5,28,x,-2100.52020936776,27.936797857255563,590297241329.0883,27.936797343670897,0.9112107036439261,0.043847648190565316,4.179670280881613,0.04384765007937744
1.5,28,y,-4015.9067033534902,68.95196681625374,590300085196.6459,68.95196672298742,1.686404169380554,0.059652280022436686,3.8164361590051534,0.059652280882646305
1.5,29,x,-2559.017058014783,40.05961758551887,610996313136.5018,40.059617621370705,1.73306665738877,0.024594606324874844,-0.9991805622468024,0.024594606179616455
1.5,29,y,-2199.410024276448,30.820392004075003,610999059829.8939,30.820392111222883,1.2742841893759087,0.016419899435359972,-0.8174547381301511,0.016419899618724736
1.5,30,x,-4091.3185155030073,93.05975910554211,631695288850.8566,96.56486090623673,-0.2471039623551753,0.032344413931617494,1.56174920453945,0.03152922022406934
1.5,30,y,-3100.6941109358672,61.99517293845703,631697944384.6669,61.99517289749656,-0.18788471844264512,0.021094394374576053,1.3011751492187904,0.021094394448782854
1.5,31,x,-2960.695532029127,94.23814322377383,652394175789.1306,94.2381425965799,0.13062085379670527,0.007553844564137251,-0.2670878985987023,0.007553844857550899
1.5,31,y,-2918.3874719201226,99.86455894087153,652396747384.0676,99.86455209305798,0.07377608027744882,0.007546859262492066,-0.2667969832994027,0.007546859913478151
1.5,32,x,-9.989419383416257,13.543175187057823,673092937389.0007,13.543175241698796,0.002453188277931058,0.0023435932580071614,-0.0009218354080313116,0.002343593367306135
1.5,32,y,-10.659972130959185,20.97495185705856,673095426917.9982,20.974951998981712,-0.0012953663723771775,0.0020318989240671803,0.002925430210779051,0.002031898906105169
1.5,33,x,-794.4874046356477,242.00044274468584,693791678702.0381,242.0004424053998,0.006962510609827591,0.002604822971561301,0.008732875884050691,0.0026048229948585824
1.5,33,y,-22.20394989069143,24.477733877774845,693794104477.1932,24.477733117695475,-0.0006714740306744536,0.0006049112169741975,0.0003375603193717677,0.0006049112022343195
1.5,34,x,-32877.08944253337,1996.7590983486232,714490371303.0283,1996.759126427672,-0.4905517696541698,0.05197189398210026,-0.423387485771116,0.051971889454324995
1.5,34,y,-2875.0991438377246,239.37383393921533,714492743017.0088,239.37383489884402,0.05591005203205634,0.00350859480640283,0.0012077991940665587,0.0035085948336914512
1.75,20,x,-8473.097154460118,190.8109124297153,424699455100.9355,200.24094388935615,-0.9017361857518825,0.06582522377718926,-3.2133088576071764,0.059352924944221744
1.75,20,y,-7639.893432609427,218.69688780746623,424703422775.04047,225.2806452173753,0.648098083373396,0.0566740793870656,-2.1485795807296664,0.05104378122703497
1.75,21,x,-4777.309491551598,10.559164092624988,445399878664.57184,10.55916175880686,3.73412637865662,0.009908306287266518,4.519131977923049,0.009908307944041482
1.75,21,y,-4567.705101724102,9.745826850344237,445403659572.5126,10.462029301545806,1.8424962746498903,0.010501076131942634,4.990730395746083,0.009548347312440595
1.75,22,x,-3239.5015996813972,7.991845060140133,466100047404.44,7.991843808983313,6.260959526598711,0.017946768286012015,-7.480756527923679,0.017946778807259266
1.75,22,y,-3108.3158979842888,8.22506824913574,466103657842.15454,8.225069978852671,6.744895517910279,0.020698803264909058,-8.06352999213278,0.02069880264119892
1.75,23,x,-2515.094697398174,12.287596760954743,486799994312.38293,11.83179792154249,-25.39539801390446,0.099080801130655,-1.9510986316254486,0.09230814019662988
1.75,23,y,-2441.8619294103437,12.217948244720937,486803449417.9332,11.859722100658267,-23.868900975501944,0.09731332314173204,-4.876302643882213,0.09047882802000315
1.75,24,x,-2302.075966746277,14.889100576410456,507499747596.2434,14.400632194345311,18.26763967091151,0.09557039213210267,2.3362326562263145,0.09102075197362385
1.75,24,y,-2783.7318912052538,21.027975041397447,507503060169.35846,19.992976488437986,17.91031950526263,0.1135307672744849,3.062163075166892,0.10475610598978172
1.75,25,x,-1925.963263400152,13.90978733129838,528199330310.5311,14.189098521024642,6.589264977499628,0.07156950612786728,-10.167490769310776,0.06647376939464102
1.75,25,y,-2192.6482161363315,19.065933028613923,528202511688.3936,19.49169191817745,5.997402591580479,0.07684001956824248,-8.742252739297063,0.0706900837513691
1.75,26,x,-2492.0257987076016,27.693329809211825,548898762301.2088,27.147046554954425,-8.322026376595591,0.23381835374432663,-24.731358016563377,0.22884258447198275
1.75,26,y,-2338.522752730208,26.13748561944609,548901822401.4501,26.468925769479767,-4.385795715718967,0.1864927468519809,-19.651540424947605,0.17574963278136166
1.75,27,x,-2425.591954975407,29.475098605556383,569598060267.2229,28.377350457544875,8.362935935187682,0.13857132262438063,12.583192982416096,0.15018901608221263
1.75,27,y,-1935.0125551022454,22.013226842912324,569601008507.0566,22.061985113161867,6.757619423281303,0.10007083068753236,9.502616503284903,0.10723841286649845
1.75,28,x,-2547.5535099389363,33.62139777245265,590297239197.3477,35.253821725302764,-3.3715633050939218,0.048120821029192386,2.993823589453781,0.05010182672728815
1.75,28,y,-2586.9345451293307,33.71892558704184,590300082674.9563,33.718925466583926,-3.1304752699408414,0.04456248567223479,3.01974053523754,0.04456248383128248
1.75,29,x,NaN,NaN,NaN,NaN,NaN,NaN,NaN,NaN
1.75,29,y,NaN,NaN,NaN,NaN,NaN,NaN,NaN,NaN
1.75,30,x,-2658.9790765120792,46.40396689391465,631695285523.9172,46.40397164858147,-1.034141001849194,0.01482646785490926,0.3031701137309129,0.014826469571453567
1.75,30,y,-2228.9417704889124,35.59254236462236,631697941686.779,35.59254234248249,-0.82994998432125,0.011436787351248609,0.4074324191324312,0.011436788775626122
1.75,31,x,-3100.9004720133057,106.30564379325746,652394173179.0071,106.30564782690793,0.1692079199457849,0.005320341192754068,-0.09345578611223965,0.0053203419198060795
1.75,31,y,-2672.732884155681,133.74253039898545,652396746473.8679,133.74253510186549,0.05003810679981163,0.006351280541876636,-0.15291214750377305,0.006351280370723046
1.75,32,x,-5092.500921139064,93168.45617602149,673092653695.3018,58024.90626615275,63.4606707811069,2.121138579416038,36.53861260793192,49.42978529579595
1.75,32,y,-794.2511579078076,105.31056485540985,673095493983.7722,105.31056494316098,-0.05003750038183096,0.005059207969288066,0.017301015986114693,0.0050592079701125385
1.75,33,x,-136.5348317968848,60904.495544781385,693791850728.1979,60904.488615914895,1.1285695575357613,1.5629657058636484,0.39308040416178514,1.5629660470221725
1.75,33,y,NaN,NaN,NaN,NaN,NaN,NaN,NaN,NaN
1.75,34,x,-1871.981982344617,125.16171124788494,714490393089.3367,125.16173485163034,0.0088582797481005,0.0017664346119700331,0.03345319197112529,0.0017664353619204118
1.75,34,y,-2192.9344670148075,136.60309552176363,714492738987.6273,136.60308873011607,0.006752219787167144,0.00247182312063605,0.050851316526066295,0.002471823805900612
2.0,20,x,-9060.006361259282,122.90086755503643,424699457727.616,125.27013891149366,-0.7821527432556274,0.06554774167611696,-5.751404022046852,0.0649945774973237
2.0,20,y,-8068.227096370513,168.09393281677848,424703425602.2442,174.89613718185944,-0.9919247860781617,0.0626828116204164,-3.340789860080512,0.056772469599675496
2.0,21,x,-6348.062547630027,26.432752894249397,445399881165.89386,26.43276173365802,-4.813203875962672,0.016324926961696497,-1.3448627554769539,0.016324937961863878
2.0,21,y,-5322.637427475242,16.942711159938067,445403662067.8293,17.657591298240632,-6.517889279986385,0.017758407771168168,-2.9311486465612235,0.018870762872444165
2.0,22,x,-5760.825177061007,41.021716358333016,466100049557.2819,39.34895678211182,22.709343494700896,0.18839198881742772,-26.251163929693103,0.19708562363241197
2.0,22,y,-5687.842717800655,44.27621719350166,466103660024.50214,42.35406099215139,23.739153015823305,0.2615957395162537,-27.249668428399872,0.22865732472616226
2.0,23,x,-2974.813553301412,14.636782463754393,486799996922.8411,14.618339166270614,-51.75802525632374,0.2042400887128147,0.9808696373766215,0.20444035542912734
2.0,23,y,-5611.453120276266,67.1523113333673,486803452106.2378,73.18159712952242,-53.67558638557491,0.5703407002613444,-2.1285831679543183,0.6732295968346008
2.0,24,x,-2576.4638449129584,17.151002978460642,507499750171.02783,16.66349956417354,27.47263359874304,0.14559406059494195,0.7331309491706237,0.137935159248583
2.0,24,y,-2467.7784907232976,15.318852441907735,507503062778.14734,15.318852466579582,25.733346608148945,0.1257928664436125,2.960338498100387,0.1257928669591663
2.0,25,x,-2337.1486223125407,17.954795331203776,528199332709.2484,18.61563701535371,8.912910807879967,0.10846329850284424,-14.129354079606786,0.10008768822808733
2.0,25,y,-2259.5027636051996,17.954776848415392,528202514212.73315,18.595222668423652,7.578571283907842,0.09289957793909075,-11.681414900941276,0.08605264296930393
2.0,26,x,-2362.9166717598127,21.960052063719235,548898764723.659,22.09983801039924,-10.942999530694475,0.2501284564518855,-30.54960298318978,0.23394015166615517
2.0,26,y,-2365.35903690999,24.62125676166932,548901825254.2243,25.193431353560506,-9.837667706084114,0.22039832646595545,-23.07636240406965,0.20172853183518152
2.0,27,x,-1994.3778370217435,22.69554799380107,569598062910.492,22.695547924143593,7.52152907302316,0.12699350054787295,12.445169593697308,0.12699350045670968
2.0,27,y,-2066.7186593047322,25.027148086425253,569601010925.3856,24.21155857229067,5.967269495622593,0.1037437355092212,9.818347074166345,0.11134114961600661
2.0,28,x,-2637.091977558735,35.14379253172537,590297241808.5088,35.14379269339367,-3.0156302057279425,0.050176768172472276,3.7076307510861772,0.05017676883160957
2.0,28,y,-2426.1262240119845,35.87979020696509,590300085561.0168,35.8797902400743,-2.4543372783511015,0.05152742812964943,3.7255538156918293,0.05152742954512692
2.0,29,x,-2289.8028961267905,34.30751995982332,610996313323.0415,35.758903866914565,1.9798178850064185,0.023503307387161873,0.29354430081240007,0.025176175776357834
2.0,29,y,-2494.909280215514,39.35078383312086,610999059969.8569,39.35078897939664,1.91966800282656,0.023712037775986516,0.005677146013400973,0.023712043843391508
2.0,30,x,-2865.6047226054748,55.81005915456109,631695288546.826,55.81005808629188,-0.5969436196657846,0.011839484589905523,0.478003073035232,0.011839484377573121
2.0,30,y,-2636.988996439501,47.875957215821025,631697945129.2056,47.875957439266145,-0.32455738436670745,0.011215393010246318,0.7139491043486884,0.011215392942538078
2.0,31,x,-2981.1671526944215,126.58265003969234,652394177047.9515,126.58263557354763,0.019479491094286178,0.005191751998844262,-0.15181519082212577,0.005191753250610346
2.0,31,y,-2710.2292794395867,188.59945671377272,652396748733.8956,188.5994471462338,-0.00643715473245123,0.005024437035088561,-0.09114270514687468,0.005024437537064897
2.0,32,x,NaN,NaN,NaN,NaN,NaN,NaN,NaN,NaN
2.0,32,y,NaN,NaN,NaN,NaN,NaN,NaN,NaN,NaN
2.0,33,x,-2123.7437257925612,67.43999634279028,693791723394.1866,67.44000361107865,-0.0679055540627321,0.004079136533594864,-0.15196993240635506,0.00407912724999332
2.0,33,y,-2769.1972666695497,91.06545105339883,693794140716.0938,91.06544643861109,-0.07705430170123076,0.004782523115657067,-0.16671939487790702,0.004782523236213658
2.0,34,x,-2875.37234618227,80.78259631932862,714490395741.4739,80.7825914319523,0.0913688549729861,0.0033756822915874366,0.12473918090598887,0.003375683491038778
2.0,34,y,-2985.9655199174917,126.68177073826973,714492745066.3567,126.68175074772836,0.12307174252762387,0.004108397055164999,0.016607415113975878,0.004108396519389937
2.5,20,x,-11325.182391255845,86.1895855014065,424699460533.82355,88.6973001977535,8.785896152714558,0.06983676926597729,6.801913521968645,0.08296482355052377
2.5,20,y,-9757.75016637525,78.81139794813855,424703427786.5918,73.19496332367025,6.273245014833758,0.06562276178240108,7.396157010822435,0.06486395149357252
2.5,21,x,-6797.106016410356,6.913632443737253,445399883825.8612,6.264083937456429,-81.67650658587772,0.08388163478052188,-37.395390003711775,0.07847322607709896
2.5,21,y,-6564.467157612226,6.945118750830316,445403664280.41223,6.945118822472202,-73.5283893765161,0.08705228134585026,-54.011275234662975,0.08705228362801642
2.5,22,x,-7367.174591858379,57.13269027741621,466100052393.41583,57.132689563884625,81.60682053283212,0.9534791887027685,-100.77578902227373,0.953479169641571
2.5,22,y,-4381.906198108598,9.313326358002417,466103663228.1143,9.023121557952896,59.438406950940966,0.17565741695430243,-88.37262916519677,0.20068592109298372
2.5,23,x,-3968.3227932293757,14.116319920910156,486799999619.3359,15.150382381494664,-114.16704297034099,0.3878431959953821,4.173616365626556,0.43578154717477735
2.5,23,y,-3957.5447286105355,17.9976204909808,486803454650.496,20.140010717984055,-100.52022680456584,0.425688636749532,6.4208811299565,0.5184660810775379
2.5,24,x,-3173.9646696377463,19.0843392680562,507499752754.988,19.18652676806518,56.089251365072094,0.3326457134977232,-1.6938055321917462,0.33085744545722046
2.5,24,y,-2782.570550208561,16.229818060543035,507503065375.5989,15.444900906942273,45.860297265496364,0.2605730675171298,-3.4987909012336047,0.2310489867684834
2.5,25,x,-2623.7382729804854,17.35877157772866,528199335387.6578,19.109237915502,10.47232699697613,0.15317610052221678,-20.4851630955575,0.14531380103122365
2.5,25,y,-2463.988206202241,16.00292330934884,528202516962.90546,17.305640601849536,6.536469195135275,0.1250064705002247,-17.376001886175963,0.10407598303199549
2.5,26,x,-2563.788412582979,22.870146386533317,548898767526.71674,21.789046405944397,-18.036935032184644,0.34869163014351595,-37.73316008949322,0.3243062188609996
2.5,26,y,-2374.768219237297,22.40866704916599,548901827983.7355,24.39603920256848,-18.546609832791923,0.33383724838480733,-29.748397006215455,0.2916630097121204
2.5,27,x,-2220.1311271637082,21.872231787689067,569598065954.2114,21.87223186847113,12.29231037331233,0.11023997106122409,7.383098609445766,0.11023997172443264
2.5,27,y,-2229.54817597713,26.83035873957524,569601014080.61,26.830358821577278,10.407156618352547,0.11491002892306633,6.430610874008192,0.11491002972143177
2.5,28,x,-2151.712649713938,25.097075358384913,590297244864.3632,25.097075238779954,0.1102960229361108,0.026084303004324544,2.6510141494990824,0.026084303235395425
2.5,28,y,-2287.5313183139724,28.3874662500842,590300089042.1937,28.387465989975702,0.7042088682557897,0.030875917755031776,2.8365513629846646,0.030875918468975836
2.5,29,x,-2491.287992970573,33.83964856261307,610996316989.9017,33.839665151062015,0.2516309699651441,0.013336054687899137,-1.1066757266572664,0.013336036498643804
2.5,29,y,-2431.3799812782363,34.52202422265144,610999063446.7114,34.5220243692861,0.43308487981264926,0.014693571821447152,-1.1209846502166834,0.014693572519567643
2.5,30,x,-2223.409556220002,50.549491024973335,631695291435.3245,50.54948962065285,0.505416376392865,0.009916237692225481,-0.09767128612489197,0.00991623762554265
2.5,30,y,-2508.583255821645,47.08972121867566,631697948691.5358,47.089721350747936,0.43061643675008177,0.011445064891900766,-0.5563800109933498,0.01144506504233132
2.5,31,x,-2793.0748790633097,43.29844815152098,652394180877.0314,43.29843174108616,0.0984669900161757,0.00802548396926655,0.5760957018113234,0.008025493040895908
2.5,31,y,-2353.4026381576396,37.647369986591414,652396752253.2046,37.64736542976962,-0.07086310310326316,0.008117387277036323,0.5886364878851782,0.008117389055887042
2.5,32,x,-2692.309553466205,41.405553172639415,673092990008.6725,41.405553309827965,-0.34875777487508863,0.007885347156623016,0.5406554192893415,0.007885347165762483
2.5,32,y,-2771.2344362577564,44.37958767254101,673095481686.213,44.3795878248265,-0.3026325569208576,0.007597633093805872,0.5104016739850445,0.007597633097527222
2.5,33,x,-2694.808531458095,42.15660749000835,693791728302.0392,42.156607551533135,-0.6952372443260091,0.00868984078151616,-0.04878062728261179,0.008689840814544565
2.5,33,y,-2583.9031397179797,37.687316409382994,693794145241.3975,37.68731642122975,-0.5901819654080742,0.00682679184259866,0.011884240058302738,0.0068267918448242405
2.5,34,x,-2966.7566885988126,33.08556055458668,714490400799.0775,33.08556050222932,0.5735671881062475,0.005455907482073916,0.19715659062900798,0.0054559074936909036
2.5,34,y,-3191.8631067999563,43.564449184144,714492747193.5427,43.564449075751014,0.37092702269086714,0.004390101288863722,0.13538176178269837,0.004390101292745658
2.75,20,x,-13292.922378366906,33.19273143066521,424699489751.0737,35.777675810968496,23.95925494217936,0.0819599268481324,27.814945781328536,0.08790100853180303
2.75,20,y,-11359.724458398894,29.128072490967025,424703456527.66656,30.57748233691649,16.594337476279975,0.0763476120749032,25.708800353726,0.06504082072165647
2.75,21,x,-8159.652046132512,6.454511969339617,445399914660.5092,6.9975575615212975,-138.45047595128045,0.13020964271143678,-100.40368873263746,0.13427855238938655
2.75,21,y,-7927.344677237908,26.86535037845142,445403695942.8748,27.8080258775275,-118.91608656071888,0.757163090245371,-94.52363335660343,0.8245418441960909
2.75,22,x,-5576.376443480982,100.68204811423118,466100082311.5263,106.76895146027972,58.53520850190847,2.9928122426582138,-65.96980379050218,3.266440302844167
2.75,22,y,-7365.220936988707,35.231410529619666,466103695857.50366,36.97801218365728,103.36058645399703,0.9122441920782435,-140.68198032122993,0.7295812223008717
2.75,23,x,-5124.643751347276,33.12177751551936,486800033421.33673,30.269866576740544,-145.38060653727234,0.9543721325812095,8.05091079686907,0.8209936205280638
2.75,23,y,-4320.374769497013,14.10622661445124,486803488195.605,13.161266476184197,-128.38515221111942,0.39912308736489804,4.098084186189763,0.34675279548198173
2.75,24,x,-3360.837879787863,12.289649817102339,507499787460.3793,12.576617762688002,66.32790582670104,0.21590173179080743,7.783593236528921,0.2346463142393252
2.75,24,y,-3153.0641595208385,13.629315896266034,507503100175.1955,12.752989356999342,56.08354845325414,0.2253128927893747,2.198303101113578,0.2005294395888598
2.75,25,x,-2886.992218836518,13.424728162030275,528199371538.405,14.762277260649322,9.782423717060077,0.11286649550385051,-21.920586237043022,0.1068060234057728
2.75,25,y,-2702.7904504564335,12.639066593610888,528202552978.8134,13.904703741351991,5.183691285072458,0.09412762184303634,-18.88590541410041,0.0814991029722066
2.75,26,x,-2613.3688952188554,14.69865773153406,548898804964.3444,14.89587368909681,-17.220419208755715,0.20974313281719698,-32.62354067286036,0.17631129718191776
2.75,26,y,-2702.5259616387484,18.332543727208883,548901865254.9488,19.472590631369872,-18.9881003538545,0.2413623340346461,-27.897137146537794,0.19857298346767255
2.75,27,x,-2679.4412484174663,26.404268799024706,569598104739.7643,25.678063308449712,12.747503802536446,0.13128949707770612,4.4855682088626345,0.11176704235705488
2.75,27,y,-2449.9686537068183,22.706507810600115,569601052695.5858,21.33917713938354,10.531839723825975,0.09736569569597223,3.191990622453742,0.08160584679284985
2.75,28,x,-2793.740140307145,29.91216283916844,590297284804.4663,29.912162671068085,2.1271742165941947,0.02835184507105456,2.0978753357556275,0.028351845310819027
2.75,28,y,-2668.712824833372,25.32047168578967,590300128678.6564,25.320471281480415,2.3282086018210464,0.0255977544042581,2.00949851154038,0.025597754447380876
2.75,29,x,-2505.1545258999367,29.606948453960577,610996357498.4248,29.606948234526246,-0.80328637288105,0.008726163543662714,-0.284193265032445,0.008726163502441769
2.75,29,y,-2632.6144744805683,30.63233929562401,610999104555.8412,30.632339136356478,-0.9051795263786657,0.009294267198933545,-0.11726533661320547,0.00929426712584398
2.75,30,x,-2163.2788535540863,41.40800787014737,631695334187.1873,39.21372609364963,0.10358706854051163,0.03503928326232511,-2.2351404718953543,0.03847214580482599
2.75,30,y,-2177.7084709652045,44.75293414806291,631697990603.2703,42.51773557160488,0.08051776296626527,0.037310005847766,-2.2056010224398834,0.04076699936876983
2.75,31,x,-2677.190442063802,26.23415710514799,652394224013.3619,26.234160460045864,0.2545941485699256,0.014338322621023653,1.6473487155981785,0.01433832074443623
2.75,31,y,-2713.3347798828468,32.76346312161842,652396795708.9783,32.7634607483262,0.09117020062314127,0.015283225185218022,1.434457436800534,0.015283227488463731
2.75,32,x,-3088.5750856182945,32.43395869040379,673093034934.7751,34.798976060939346,-1.3167227532006316,0.02473992255978379,1.6793449531868458,0.02004946653047622
2.75,32,y,-2892.366878639881,28.140419210944305,673095526826.3203,30.589249854047967,-1.033570250247902,0.019176694710499646,1.499586176319442,0.01585756142766382
2.75,33,x,-2971.3139504244778,35.781618079430174,693791774726.5515,35.78161866679286,-1.286824702921526,0.013947654923225354,0.08223795653944117,0.013947655683812
2.75,33,y,-3489.2971702731784,36.98570227688997,693794191808.3623,36.98570082189227,-1.1320465125984727,0.011789858069266374,0.3678241749007196,0.011789857759069126
2.75,34,x,-3232.1117957166007,36.493460620059544,714490448512.0647,36.49346062330837,0.855524628502425,0.00841497087251537,0.31979839377735964,0.00841497092257545
2.75,34,y,-3423.957045855611,39.29296886331693,714492795739.8083,39.29296888228971,0.6347591588829402,0.006058318198291285,0.09300992354656071,0.006058318220122346
3.25,20,x,-18467.9612336932,15.798739228197077,424699504664.4404,15.798738674116832,65.63531887060812,0.1613537048911803,122.21909046546344,0.16135371597071715
3.25,20,y,-16509.66540900469,12.796059638039024,424703470823.22095,12.796059200354525,50.31427061139959,0.13399125482532814,123.06711545592273,0.13399125763036926
3.25,21,x,-12282.842167788282,35.39639593766812,445399928518.661,35.396394871618895,-237.2742544843102,1.6281986178936751,-273.89910697615215,1.6281986306981997
3.25,21,y,-10901.363177220263,23.96987395332304,445403709351.15186,22.739433251418173,-208.83103378897434,1.5549250543332622,-262.34163356254925,0.8633680479824284
3.25,22,x,-9186.614474880362,43.1512183328208,466100099906.27277,40.670604035390056,192.78469524953468,3.6819667868565427,-285.10022859051736,2.3847385422141927
3.25,22,y,-7675.8904432190575,38.89413929938688,466103709705.88806,28.926512380871515,165.63428779839614,1.9497189792876275,-213.8455467178112,2.1746959606777567
3.25,23,x,-5193.479730458152,22.583422691305643,486800044949.8132,37.298660351857734,-143.23035560529237,1.5232578258547957,-38.08020255545934,0.9774412339851142
3.25,23,y,-5303.4998772456765,18.320767247883822,486803500494.68896,18.32076746797712,-154.97130794441873,0.32143431153521185,-33.16374369569487,0.3214343142653729
3.25,24,x,-4313.733129063053,16.501853843527694,507499800493.082,16.142099134825575,75.3152877068756,0.3623697195855477,33.1380088752249,0.4762944117475621
3.25,24,y,-4110.073369386064,15.590605689230392,507503113279.19714,15.590605620061094,64.940069765725,0.2944431900476176,16.43073866352833,0.29444318970433825
3.25,25,x,-3393.494718829981,14.18515631882249,528199385276.6071,17.225846488683825,6.006746711709996,0.16069451124994358,-23.970682104889317,0.1108560422295984
3.25,25,y,-3490.7145690901734,16.065804313395457,528202566844.3855,19.75142287329026,1.2339835096535776,0.170759345724325,-23.34192291305302,0.11769255967480101
3.25,26,x,-2765.5793022211715,17.303079929677008,548898819441.67706,15.702749615127436,-22.18628956165383,0.19276674134729938,-13.211424610682817,0.14111315270403352
3.25,26,y,-2803.8957677775034,18.657991824060854,548901879767.73773,17.40575043569506,-21.656197126432538,0.19009713810495565,-9.446984918845965,0.1411256942974851
3.25,27,x,-2518.748891176809,17.903428983127128,569598119989.8317,17.903429062265282,7.806427074622004,0.06447297120160723,-7.363928647065145,0.06447297129970311
3.25,27,y,-2380.741312016915,16.644560583907552,569601068235.1549,16.644560655430475,5.365852252950717,0.04493402056504645,-5.493829272706567,0.04493402057285284
3.25,28,x,-2410.694386359121,19.988401739726992,590297301001.2843,19.988401702912782,-1.497932310593637,0.020756329119982528,-2.1307521643149774,0.020756329313019888
3.25,28,y,-2409.8543477179433,21.744062442637652,590300144841.1771,21.744062395666315,-2.6692432588761035,0.034671499018926084,-2.9824763765020172,0.03467149926555022
3.25,29,x,-2515.773007168648,29.909339962545676,610996374484.4128,28.904732697687393,-2.5713268859090785,0.12222707646047673,10.617057932394161,0.14626377289330647
3.25,29,y,-2333.449388417862,28.18830993323363,610999121053.3712,24.462658831977482,-2.486303113633354,0.09832434671096862,9.063352291921275,0.11927679810865408
3.25,30,x,-2418.250875927626,20.922824481814274,631695351551.3335,20.92282449826803,-4.5732586140240885,0.10078256689285404,-13.103789342770673,0.10078256729335448
3.25,30,y,-2586.587018347691,25.487079993516524,631698007472.1584,25.4870799783966,-4.01954046976623,0.1018733661137947,-11.494727541221005,0.10187336665735905
3.25,31,x,-2849.5650105234167,27.455276735268185,652394241729.9912,27.455276738889847,2.4788595040228913,0.05009112255162995,5.477531479473754,0.05009112288140834
3.25,31,y,-3173.429038081638,34.75103239018988,652396813140.3013,34.75103236000029,2.1569526198129574,0.050780149230921785,4.7815462933177155,0.05078014962941807
3.25,32,x,-2879.8291309234164,31.40626389536323,673093052755.5319,37.30394530502232,-2.0744300760726313,0.0899690707631535,5.553044060360575,0.06690000778184768
3.25,32,y,-2918.4187985451176,32.32901357804194,673095544497.0773,37.79215110573581,-1.5451989145901364,0.08245659097853263,5.088813714094354,0.059466352195331834
3.25,33,x,-2704.3128965021383,26.72428858308376,693791792459.6067,26.724288663435463,-2.5182763729863837,0.022354555503134987,0.7980557058867757,0.022354555546697973
3.25,33,y,-2921.8926834692284,31.411114305549784,693794209612.5316,31.411114433700973,-1.8488926515247974,0.021047553398790147,1.287698237397857,0.021047553418014012
3.25,34,x,-2831.4304184035013,31.60412477759984,714490467013.5271,31.604124865540957,1.3097543418431632,0.012653783176683683,0.07765854337027127,0.012653783251891652
3.25,34,y,-3425.8861520991927,41.6104567949649,714492814005.3561,41.61045696650231,1.1095993084190747,0.012387257647014665,-0.23388974812973817,0.012387257714393808
3.5,20,x,-21983.559074639456,18.37594713209828,424699524125.8408,18.375946283555045,-212.99762340478802,0.27686636928940905,119.8118356298581,0.27686635329378456
3.5,20,y,-20383.812862448092,14.215545525388281,424703489852.32684,14.215545086294972,-209.24400006245,0.21257692641487197,94.64457301888052,0.21257690672443835
3.5,21,x,-12716.791294772054,13.439228438851055,445399947091.334,8.581484489043438,229.7310176101117,0.4948358703326127,-306.70258626408696,0.7140355460107941
3.5,21,y,-11869.331892430717,10.283637614815843,445403727532.27576,9.78838491518362,232.08824253695744,0.6256633837901734,-272.26655837186314,0.3834878013860312
3.5,22,x,-8997.899477338658,9.623660451637518,466100117078.9522,12.436909718945444,342.19804896512454,0.47017042832553574,54.51742216108646,0.7325193290468806
3.5,22,y,-8195.621606212926,8.480878480099085,466103725531.47015,11.209410746827157,281.983043285259,0.3626801930891622,10.928108067712381,0.5631634426825524
3.5,23,x,NaN,NaN,NaN,NaN,NaN,NaN,NaN,NaN
3.5,23,y,NaN,NaN,NaN,NaN,NaN,NaN,NaN,NaN
3.5,24,x,-4025.131528557779,10.043065573482489,507499819447.6192,10.043065675667041,27.205392699877947,0.1196800256779377,50.73716519029052,0.1196800249616421
3.5,24,y,-3752.1130182582447,10.152308912718162,507503132040.79987,10.152308968422368,30.794028224130187,0.11083049571771283,38.99674892894574,0.11083049680633811
3.5,25,x,-2957.768100129655,11.958656537415262,528199405023.7917,11.958656457433795,16.998392501674516,0.06167214144067497,-8.616785282498858,0.06167214052130623
3.5,25,y,-2877.1214340185625,10.643141690740627,528202586490.6935,10.643141613069764,16.05908627141616,0.05813572886405994,-11.423966670269118,0.058135727548894886
3.5,26,x,-2655.3694303693806,12.63861519123268,548898839992.64685,13.725810083601399,-10.894942918401293,0.07832445070784273,-14.153310334833511,0.083918015780803
3.5,26,y,-2487.277402961405,12.02004976654305,548901900263.93475,12.020049735704761,-9.50473218047572,0.06462729591846009,-14.070028430476325,0.06462729658344463
3.5,27,x,NaN,NaN,NaN,NaN,NaN,NaN,NaN,NaN
3.5,27,y,-2219.9163458074036,14.990004645034716,569601089402.3242,14.99000460686486,-2.8716852436236397,0.030304297806828143,-4.9783234941461645,0.030304298083462907
3.5,28,x,-2308.8233345128842,15.798996937595838,590297322974.222,15.79899695312716,1.1297235585988488,0.08568038139741686,-15.900008619333681,0.08568038116070313
3.5,28,y,-2179.1946102875518,15.251510689099073,590300166630.1952,15.251510697564722,2.165085996391038,0.09215755621883044,-16.706628321609916,0.09215755595342555
3.5,29,x,-2429.233250843976,19.598566639914363,610996397160.4208,19.598566534952656,-21.178523506416624,0.13697918280138233,-3.176513924746283,0.13697918125965688
3.5,29,y,-2335.130627392238,18.958873767795524,610999143900.363,18.958873671229988,-19.078347480083735,0.12338107085371355,-2.658987554050207,0.12338106956562238
3.5,30,x,-2428.4889980353846,19.410547966222097,631695375036.3257,19.41054787686105,22.068111345272758,0.15085862706686248,-8.791929119889277,0.15085862528366523
3.5,30,y,-2490.309729008275,20.881107886571936,631698031113.5276,20.881107790073713,18.39713139102933,0.135067428323392,-8.368184393787308,0.13506742619895926
3.5,31,x,-2556.4305111518715,20.81076006275014,652394265839.6633,20.810759940181832,-11.85165601195549,0.0774486699393818,0.1299462490093023,0.07744866903275219
3.5,31,y,-2411.6964421721755,19.67671950190446,652396837244.6207,19.676719396758706,-9.826977384828426,0.06422349519797242,0.976176701043646,0.06422349450636824
3.5,32,x,-2605.327636224615,25.081012307649925,673093078128.6383,25.081012394158368,-7.460460243116803,0.06292106001330874,-3.133447803307348,0.06292106004824931
3.5,32,y,-2588.6844336694694,26.30100447893737,673095569971.0833,26.301004518102875,-6.66636552001674,0.056714955733469775,-1.8637616234228809,0.05671495565517576
3.5,33,x,-2454.4564867834406,25.727903907176245,693791818856.4948,25.727904039888358,0.3517818951083362,0.026499164419619105,-3.1254311539347706,0.026499164129238577
3.5,33,y,-2443.690984664131,25.240765441735373,693794235715.0095,25.24076554893384,-0.12861669749198512,0.022211938480889228,-2.668488102466414,0.022211938322139333
3.5,34,x,-2536.457833144013,27.489466149673294,714490494450.9166,27.48946627756044,-0.7787139409185253,0.012655600335717285,1.2092662525556512,0.012655600215900913
3.5,34,y,-2850.1209691861977,29.833809394692008,714492840928.3004,29.833809336653445,-0.4093305030408919,0.010411585587403205,1.1262921009008042,0.010411585565677938
4.0,20,x,-32647.90774438683,62.58254504965516,424699547245.18555,36.136113644878016,-453.8111253900124,1.9977033579900547,72.8030815078517,0.826282355100484
4.0,20,y,-31470.397080089537,30.074562671002262,424703510750.8907,32.5548270019443,-443.5561684995894,1.0170927658380535,40.589142566202206,0.7465291651275183
4.0,21,x,-18245.506248196183,8.595837003805004,445399964925.1479,6.284352385247759,497.48202803583416,0.4035816335376342,-395.0108180447765,0.37260288975518036
4.0,21,y,-17312.069175831566,8.100909248916631,445403744123.02356,8.159766156314804,372.5680097959814,0.4505538855081373,-407.81096265008273,0.2812846812608082
4.0,22,x,-12130.324032641209,14.454205073086902,466100131591.3007,12.063206916755306,344.25175915729596,0.5543956222958834,256.8240428522575,0.5775372473791894
4.0,22,y,-11141.161679459696,11.191800342125168,466103741099.40125,9.801604800524641,295.39454315096947,0.36833592059684045,193.20280711766912,0.40292691426697486
4.0,23,x,NaN,NaN,NaN,NaN,NaN,NaN,NaN,NaN
4.0,23,y,NaN,NaN,NaN,NaN,NaN,NaN,NaN,NaN
4.0,24,x,-5225.691952673786,9.163282880413323,507499834188.0973,10.081996744427226,22.774503730471256,0.06262186543979546,29.412634311104107,0.0625665231206797
4.0,24,y,-4828.254598089339,9.346202889910249,507503146859.85486,9.346202646171271,25.578097638165264,0.057784765557022805,23.733800438505224,0.05778476678437298
4.0,25,x,-3660.176985112084,8.267659331629783,528199420806.07117,8.26765941479511,1.310123884675452,0.03522541131112185,-20.223719587123295,0.03522541060264178
4.0,25,y,-3449.033850706689,7.292932162660643,528202602105.7851,7.2929321346407034,2.3361814792127764,0.023635557995194387,-13.490489036367299,0.02363555905181286
4.0,26,x,-2742.2009527508903,9.29398899200776,548898856913.1299,8.801396338253845,12.400452920870322,0.03822881209547017,5.553001202320158,0.03513694516031531
4.0,26,y,-2538.148431161784,9.573899781447956,548901917222.8615,9.57389978300519,12.498237038364929,0.051266136438349846,13.081831364802454,0.051266137021405034
4.0,27,x,-2531.830275044108,13.705669007534652,569598158964.2451,13.705667785585202,-62.28076559707503,0.2802769285717903,-29.2413940246143,0.28027680307085623
4.0,27,y,-2425.789911853353,15.792750613011387,569601107340.3779,15.792750571365033,-62.54628806385171,0.3427803603406451,-31.84166110908789,0.34278035641080734
4.0,28,x,-2428.1375773602076,11.525233133163349,590297341513.7405,11.525233120485524,28.18461235189411,0.2535733714781582,-65.31811260363612,0.25357336919182627
4.0,28,y,-2341.619948521299,11.278337038338853,590300185432.7776,11.278336989290649,26.641002692252634,0.23398950412146927,-59.339401895111195,0.2339895046501566
4.0,29,x,-2305.849125855192,12.294936476721702,610996416666.6932,12.294936534418058,-47.53987433868188,0.1966836138250831,-12.804461269878102,0.19668361569487175
4.0,29,y,-2196.7601693553192,10.60256755088058,610999163272.129,10.602567595735431,-44.26237471507243,0.16356244647085708,-9.969009530986652,0.16356244749130264
4.0,30,x,-2224.3719019014393,15.520743967198781,631695395027.4845,14.852948870281416,43.43107394082026,0.25577216711244477,-10.212399377225209,0.23329633034936062
4.0,30,y,-2141.2966757673425,13.289564636932385,631698051136.5227,13.879577424376645,35.9212947205638,0.19075659645338802,-13.682062604113934,0.1992493337880269
4.0,31,x,-2228.2545781986705,15.153765043832705,652394286617.9077,15.153764948315212,-16.5935206897161,0.08478747402674106,1.2602995914544348,0.08478747289598232
4.0,31,y,-2216.6297895186194,16.248092178553225,652396858045.9224,16.24809209776982,-14.571893680364461,0.0825524677747454,3.6084905724784164,0.08255246686668756
4.0,32,x,-2432.9296645907802,19.176832320069234,673093099621.4353,19.176832416401,-10.105997105178696,0.06534722511354024,-4.233828420984901,0.06534722557527525
4.0,32,y,-2095.991885878602,18.995805993454812,673095591401.6182,18.99580596465117,-9.167593186680547,0.06311117429677952,-1.4934979629512202,0.06311117396921274
4.0,33,x,-2265.3527365066166,21.650889007030617,693791840617.0082,21.650889167895084,-0.07615046120545696,0.021584335931729138,-2.9843816178677307,0.021584335596005675
4.0,33,y,-2289.2861779047103,24.48558547109673,693794258039.3772,24.48568438207521,-0.3699681047906129,0.020132022345622943,-2.4590803769869285,0.020131888927365133
4.0,34,x,-4312.812138740196,104.4699168554583,714490517369.566,104.46992784180465,0.6382188218356012,0.021329647097210285,0.8889953032642468,0.021329664916664322
4.0,34,y,-2820.0561102025604,51.05376134560115,714492864110.4459,51.053761543281816,0.47965268292496493,0.009965585759006634,0.5277286295738426,0.009965585669537525
4.5,20,x,-48871.453595253755,12.228870136539506,424699581385.65906,16.599618060007103,435.26925764854633,0.25506948900248544,-543.7633079185651,0.15329558544695895
4.5,20,y,-45027.11834715164,29.93975788316274,424703545754.46985,20.960484176094276,410.3294548485012,0.5577548838754115,-482.5731304028552,0.6145207778436403
4.5,21,x,-26031.3854302139,5.317113336806592,445399996729.90814,6.379749554037977,11.944278582762992,0.28789640423367113,932.1261872878239,0.2179818880090242
4.5,21,y,-23936.34854183506,5.195808284263963,445403775676.68353,6.248069871215769,26.28472581263725,0.26499061197224566,823.8348272559801,0.1876384114331909
4.5,22,x,-17415.72165985965,10.081780298378902,466100163002.46375,11.709000011366815,-311.06420324596223,0.20269684416180647,133.37458694389863,0.2365270307191341
4.5,22,y,-15801.834056949307,8.164075466320375,466103772642.03564,8.731893048638755,-237.41842258737702,0.16521301860506252,159.78241573937993,0.13986617189958486
4.5,23,x,NaN,NaN,NaN,NaN,NaN,NaN,NaN,NaN
4.5,23,y,NaN,NaN,NaN,NaN,NaN,NaN,NaN,NaN
4.5,24,x,-6879.876827516452,9.895826475724236,507499868715.993,10.49254068759283,-1.025521210927244,0.03894004487446129,30.00402562253029,0.03475130742704478
4.5,24,y,NaN,NaN,NaN,NaN,NaN,NaN,NaN,NaN
4.5,25,x,-5295.7981401647385,9.380058037083169,528199458672.0275,9.380058129577954,-13.486300426802604,0.018689017339054335,1.0207092563375462,0.01868901757282847
4.5,25,y,-5190.093235741586,14.464411243366749,528202640234.3299,14.049901924595513,-21.113381765849045,0.04844794682923813,2.942098651343962,0.04492130072153076
4.5,26,x,-4717.57928046563,18.11360417538788,548898896742.9761,17.409482019736963,-183.92656198842295,0.6926988674696943,141.41195865523835,0.6969251829437415
4.5,26,y,-4230.4011769145145,16.565380988434,548901956738.81384,16.048339805008382,-179.8521125477732,0.6362996911818511,109.78574782823821,0.6421504406202891
4.5,27,x,-4383.021888197514,29.309125728179662,569598199920.2572,29.38959713623938,199.89064758160941,1.2809625783537224,-152.6744287954213,1.3832285275378065
4.5,27,y,-4511.179184358669,31.624329388032063,569601147931.4021,31.44002059564491,199.73597489041856,1.3354238012455137,-149.0199432424603,1.4394392141618186
4.5,28,x,-3745.443972151528,16.84425425048331,590297382878.4567,16.754546876590297,92.85224559059031,0.42930240120575075,88.14538658771734,0.45882634821854584
4.5,28,y,-3717.090150680485,21.119228859562178,590300223937.5015,21.11922876039389,69.95355829361594,0.5871498637336696,-121.36839132044426,0.5871498594117319
4.5,29,x,-3629.9307837073857,23.223545218445228,610996458575.5767,23.2235452534509,79.74248225759608,0.5089036420106989,-72.79029523203403,0.5089036494905494
4.5,29,y,-3622.302470062298,22.231773155838997,610999204913.3351,21.494031192639554,71.78579483166874,0.46386964150504045,-69.4932086956008,0.47529484174189424
4.5,30,x,-2754.8931656045315,15.269573758502414,631695438075.6034,15.105934353535698,-10.33210635484805,0.29086822166159765,68.79363587634407,0.2929178237478833
4.5,30,y,-3464.665620167482,24.998686129501028,631698094111.0299,25.889853679993426,2.055014285545076,0.3832018314872068,64.70103355787533,0.3582681743916472
4.5,31,x,-2710.008407250877,19.84099474642976,652394329882.6497,20.13929160875646,-17.72601199493645,0.09806203836252031,0.8413401068760202,0.10160191238282311
4.5,31,y,-2826.263663835784,19.65150684478619,652396902385.3005,19.651506869674883,4.800257108150348,0.10144448117349715,-18.65367278301511,0.10144448123626443
4.5,32,x,-3029.8914953071007,34.32832755553273,673093145369.7133,32.87761510930102,4.039276695748345,0.06970309281802385,-6.819922332400308,0.07146865533295886
4.5,32,y,-2812.6257465755043,26.221033319854687,673095637285.408,25.653867299971257,2.506824498470955,0.05235641730841797,-7.146310549009231,0.055890708999432555
4.5,33,x,-2966.9902245698086,63.32978620709714,693791888447.8844,64.7987385919875,0.0005074562748305695,0.01399412446032413,-0.81347185299278,0.013407658866200826
4.5,33,y,-3418.980970604858,63.645879812708635,693794305888.0865,64.15101750100993,-0.3834248349688518,0.015674434008240007,-0.9305442634437381,0.014512770923587909
4.5,34,x,-3394.241092893064,36.63395928682794,714490565622.0302,37.41207892648086,2.4079348182441325,0.028333765400055836,2.3681502812247315,0.030830329495058654
4.5,34,y,-3462.8651012998585,40.08811797055822,714492913183.5437,40.088117077403915,2.229639795828054,0.024339708490467158,1.3899316524425152,0.02433970535815296
